Date/Time,Electricity:Facility [J](TimeStep)
 07/13  00:05:00,271114.0498
 07/13  00:10:00,264461.8154
 07/13  00:15:00,259291.157
 07/13  00:20:00,254696.9146
 07/13  00:25:00,250400.1887
 07/13  00:30:00,246296.5464
 07/13  00:35:00,242330.5664
 07/13  00:40:00,238472.0625
 07/13  00:45:00,234708.2851
 07/13  00:50:00,231053.4317
 07/13  00:55:00,227469.5814
 07/13  01:00:00,223958.3833
 07/13  01:05:00,209289.344
 07/13  01:10:00,204815.4219
 07/13  01:15:00,200560.145
 07/13  01:20:00,196432.3256
 07/13  01:25:00,192393.6914
 07/13  01:30:00,188438.7915
 07/13  01:35:00,184560.614
 07/13  01:40:00,180752.9135
 07/13  01:45:00,177012.1259
 07/13  01:50:00,173337.3825
 07/13  01:55:00,169729.5964
 07/13  02:00:00,166191.8358
 07/13  02:05:00,160636.0568
 07/13  02:10:00,156694.4295
 07/13  02:15:00,152682.548
 07/13  02:20:00,148741.8164
 07/13  02:25:00,144781.2418
 07/13  02:30:00,140824.5463
 07/13  02:35:00,136865.0552
 07/13  02:40:00,132907.9716
 07/13  02:45:00,128941.8358
 07/13  02:50:00,125007.9987
 07/13  02:55:00,121142.6372
 07/13  03:00:00,117240.1399
 07/13  03:05:00,114026.7147
 07/13  03:10:00,110530.5361
 07/13  03:15:00,107096.3116
 07/13  03:20:00,103722.3529
 07/13  03:25:00,99531.57538
 07/13  03:30:00,99531.57538
 07/13  03:35:00,99531.57538
 07/13  03:40:00,99531.57538
 07/13  03:45:00,99531.57538
 07/13  03:50:00,99531.57538
 07/13  03:55:00,99531.57538
 07/13  04:00:00,99531.57538
 07/13  04:05:00,130494.4894
 07/13  04:10:00,130494.4894
 07/13  04:15:00,130494.4894
 07/13  04:20:00,130494.4894
 07/13  04:25:00,130494.4894
 07/13  04:30:00,130494.4894
 07/13  04:35:00,130494.4894
 07/13  04:40:00,130494.4894
 07/13  04:45:00,130494.4894
 07/13  04:50:00,130494.4894
 07/13  04:55:00,130494.4894
 07/13  05:00:00,130494.4894
 07/13  05:05:00,194219.8997
 07/13  05:10:00,194219.8997
 07/13  05:15:00,194219.8997
 07/13  05:20:00,199298.2816
 07/13  05:25:00,234206.6937
 07/13  05:30:00,233365.3208
 07/13  05:35:00,245874.9937
 07/13  05:40:00,257218.1439
 07/13  05:45:00,268533.3595
 07/13  05:50:00,280364.5703
 07/13  05:55:00,291709.2695
 07/13  06:00:00,303748.2761
 07/13  06:05:00,1110307.566
 07/13  06:10:00,1113639.814
 07/13  06:15:00,1117092.581
 07/13  06:20:00,1117244.408
 07/13  06:25:00,1098063.794
 07/13  06:30:00,1065423.753
 07/13  06:35:00,1056911.355
 07/13  06:40:00,1047448.448
 07/13  06:45:00,1043365.736
 07/13  06:50:00,1042736.779
 07/13  06:55:00,1044138.015
 07/13  07:00:00,1046927.947
 07/13  07:05:00,1035790.152
 07/13  07:10:00,1036489.62
 07/13  07:15:00,1039650.166
 07/13  07:20:00,1043599.796
 07/13  07:25:00,1048016.857
 07/13  07:30:00,1052862.347
 07/13  07:35:00,1324022.122
 07/13  07:40:00,1458860.849
 07/13  07:45:00,1464451.968
 07/13  07:50:00,1470344.57
 07/13  07:55:00,1476547.904
 07/13  08:00:00,1154812.636
 07/13  08:05:00,236775.0812
 07/13  08:10:00,213617.115
 07/13  08:15:00,213617.115
 07/13  08:20:00,255064.9396
 07/13  08:25:00,336705.6923
 07/13  08:30:00,393838.6551
 07/13  08:35:00,423798.7954
 07/13  08:40:00,450874.3492
 07/13  08:45:00,475780.268
 07/13  08:50:00,500471.1619
 07/13  08:55:00,538558.0699
 07/13  09:00:00,561399.783
 07/13  09:05:00,570107.9597
 07/13  09:10:00,707393.2866
 07/13  09:15:00,988738.185
 07/13  09:20:00,1000690.952
 07/13  09:25:00,1013565.043
 07/13  09:30:00,1025971.588
 07/13  09:35:00,963310.4761
 07/13  09:40:00,652064.3881
 07/13  09:45:00,661630.1121
 07/13  09:50:00,670397.7947
 07/13  09:55:00,678570.518
 07/13  10:00:00,686359.1709
 07/13  10:05:00,689325.9407
 07/13  10:10:00,695258.4016
 07/13  10:15:00,701505.4675
 07/13  10:20:00,707835.4425
 07/13  10:25:00,714152.3447
 07/13  10:30:00,729249.816
 07/13  10:35:00,729473.7931
 07/13  10:40:00,734885.5113
 07/13  10:45:00,742150.5367
 07/13  10:50:00,749983.1573
 07/13  10:55:00,758097.7896
 07/13  11:00:00,766263.7818
 07/13  11:05:00,770280.793
 07/13  11:10:00,775161.9614
 07/13  11:15:00,780753.0412
 07/13  11:20:00,786835.6717
 07/13  11:25:00,792795.7169
 07/13  11:30:00,798249.186
 07/13  11:35:00,803497.9985
 07/13  11:40:00,808903.5308
 07/13  11:45:00,814430.457
 07/13  11:50:00,820025.017
 07/13  11:55:00,825786.3844
 07/13  12:00:00,835577.4562
 07/13  12:05:00,874792.5926
 07/13  12:10:00,905605.0608
 07/13  12:15:00,913477.554
 07/13  12:20:00,919281.6087
 07/13  12:25:00,924731.808
 07/13  12:30:00,931093.3326
 07/13  12:35:00,936149.3221
 07/13  12:40:00,942076.4199
 07/13  12:45:00,948160.0896
 07/13  12:50:00,954178.9636
 07/13  12:55:00,959906.3057
 07/13  13:00:00,965449.8
 07/13  13:05:00,936816.8855
 07/13  13:10:00,920207.5156
 07/13  13:15:00,927827.8351
 07/13  13:20:00,937976.1408
 07/13  13:25:00,947923.3975
 07/13  13:30:00,958632.8705
 07/13  13:35:00,969739.7397
 07/13  13:40:00,981282.4815
 07/13  13:45:00,993667.1289
 07/13  13:50:00,1007124.914
 07/13  13:55:00,1021595.885
 07/13  14:00:00,1036917.718
 07/13  14:05:00,1041663.089
 07/13  14:10:00,1049086.976
 07/13  14:15:00,1057046.655
 07/13  14:20:00,1065288.732
 07/13  14:25:00,1074296.93
 07/13  14:30:00,1082858.361
 07/13  14:35:00,1093253.159
 07/13  14:40:00,1100914.884
 07/13  14:45:00,1109246.939
 07/13  14:50:00,1117654.542
 07/13  14:55:00,1125962.86
 07/13  15:00:00,1134042.535
 07/13  15:05:00,1207325.794
 07/13  15:10:00,1236415.161
 07/13  15:15:00,1249676.106
 07/13  15:20:00,1261745.136
 07/13  15:25:00,1272939.309
 07/13  15:30:00,1283384.155
 07/13  15:35:00,1294884.275
 07/13  15:40:00,1305261.161
 07/13  15:45:00,1315329.5
 07/13  15:50:00,1325292.094
 07/13  15:55:00,1335037.186
 07/13  16:00:00,1344511.013
 07/13  16:05:00,1435057.78
 07/13  16:10:00,1423861.292
 07/13  16:15:00,1421671.42
 07/13  16:20:00,1419487.194
 07/13  16:25:00,1417308.641
 07/13  16:30:00,1415135.792
 07/13  16:35:00,1412968.675
 07/13  16:40:00,1410807.319
 07/13  16:45:00,1408651.755
 07/13  16:50:00,1406502.009
 07/13  16:55:00,1404358.113
 07/13  17:00:00,1402220.094
 07/13  17:05:00,1398361.258
 07/13  17:10:00,1390904.326
 07/13  17:15:00,1383524.19
 07/13  17:20:00,1376222.114
 07/13  17:25:00,1368999.352
 07/13  17:30:00,1361857.147
 07/13  17:35:00,1354796.735
 07/13  17:40:00,1611413.582
 07/13  17:45:00,1736572.131
 07/13  17:50:00,1729764.42
 07/13  17:55:00,1723043.353
 07/13  18:00:00,1716410.12
 07/13  18:05:00,1718358.049
 07/13  18:10:00,1715677.47
 07/13  18:15:00,1659722.864
 07/13  18:20:00,1314715.881
 07/13  18:25:00,1312080.976
 07/13  18:30:00,1309461.457
 07/13  18:35:00,1306857.402
 07/13  18:40:00,1304268.893
 07/13  18:45:00,1301696.007
 07/13  18:50:00,1299138.825
 07/13  18:55:00,1296597.425
 07/13  19:00:00,1777352.998
 07/13  19:05:00,1714176.845
 07/13  19:10:00,1886470.632
 07/13  19:15:00,1928915.707
 07/13  19:20:00,1704019.943
 07/13  19:25:00,1925129.812
 07/13  19:30:00,1921836.929
 07/13  19:35:00,1694141.493
 07/13  19:40:00,1690911.481
 07/13  19:45:00,1687713.2
 07/13  19:50:00,1684546.845
 07/13  19:55:00,1681412.61
 07/13  20:00:00,1678310.689
 07/13  20:05:00,1701119.53
 07/13  20:10:00,1697271.72
 07/13  20:15:00,1693477.353
 07/13  20:20:00,1689736.82
 07/13  20:25:00,1686050.507
 07/13  20:30:00,1682418.801
 07/13  20:35:00,1678842.085
 07/13  20:40:00,1675320.739
 07/13  20:45:00,1671855.142
 07/13  20:50:00,1668445.669
 07/13  20:55:00,1665092.693
 07/13  21:00:00,1661796.586
 07/13  21:05:00,568014.5962
 07/13  21:10:00,275247.5673
 07/13  21:15:00,339681.443
 07/13  21:20:00,785918.859
 07/13  21:25:00,861792.5237
 07/13  21:30:00,889510.2016
 07/13  21:35:00,887215.3585
 07/13  21:40:00,898298.2743
 07/13  21:45:00,898395.72
 07/13  21:50:00,901549.6398
 07/13  21:55:00,905148.8101
 07/13  22:00:00,911154.3071
 07/13  22:05:00,799371.0746
 07/13  22:10:00,505935.0629
 07/13  22:15:00,394006.0825
 07/13  22:20:00,391313.1382
 07/13  22:25:00,388667.0956
 07/13  22:30:00,385894.8455
 07/13  22:35:00,382973.5881
 07/13  22:40:00,379886.0599
 07/13  22:45:00,376650.37
 07/13  22:50:00,373262.2416
 07/13  22:55:00,369733.8508
 07/13  23:00:00,366046.654
 07/13  23:05:00,306415.5653
 07/13  23:10:00,301203.068
 07/13  23:15:00,298622.8392
 07/13  23:20:00,291843.1484
 07/13  23:25:00,287027.1626
 07/13  23:30:00,282793.4865
 07/13  23:35:00,278693.9383
 07/13  23:40:00,274603.0511
 07/13  23:45:00,270490.1088
 07/13  23:50:00,266348.4576
 07/13  23:55:00,262181.0121
 07/13  24:00:00,257991.0891
 07/14  00:05:00,175324.2672
 07/14  00:10:00,150939.1643
 07/14  00:15:00,138945.9223
 07/14  00:20:00,130522.9045
 07/14  00:25:00,123157.142
 07/14  00:30:00,116016.4035
 07/14  00:35:00,109999.9367
 07/14  00:40:00,109999.9367
 07/14  00:45:00,109999.9367
 07/14  00:50:00,109999.9367
 07/14  00:55:00,109999.9367
 07/14  01:00:00,109999.9367
 07/14  01:05:00,100450.6974
 07/14  01:10:00,100450.6974
 07/14  01:15:00,100450.6974
 07/14  01:20:00,100450.6974
 07/14  01:25:00,100450.6974
 07/14  01:30:00,100450.6974
 07/14  01:35:00,100450.6974
 07/14  01:40:00,100450.6974
 07/14  01:45:00,100450.6974
 07/14  01:50:00,100450.6974
 07/14  01:55:00,100450.6974
 07/14  02:00:00,100450.6974
 07/14  02:05:00,99066.86334
 07/14  02:10:00,99066.86334
 07/14  02:15:00,99066.86334
 07/14  02:20:00,99066.86334
 07/14  02:25:00,99066.86334
 07/14  02:30:00,99066.86334
 07/14  02:35:00,99066.86334
 07/14  02:40:00,99066.86334
 07/14  02:45:00,99066.86334
 07/14  02:50:00,99066.86334
 07/14  02:55:00,99066.86334
 07/14  03:00:00,99066.86334
 07/14  03:05:00,99531.57538
 07/14  03:10:00,99531.57538
 07/14  03:15:00,99531.57538
 07/14  03:20:00,99531.57538
 07/14  03:25:00,99531.57538
 07/14  03:30:00,99531.57538
 07/14  03:35:00,99531.57538
 07/14  03:40:00,99531.57538
 07/14  03:45:00,99531.57538
 07/14  03:50:00,99531.57538
 07/14  03:55:00,99531.57538
 07/14  04:00:00,99531.57538
 07/14  04:05:00,130494.4894
 07/14  04:10:00,130494.4894
 07/14  04:15:00,130494.4894
 07/14  04:20:00,130494.4894
 07/14  04:25:00,130494.4894
 07/14  04:30:00,130494.4894
 07/14  04:35:00,130494.4894
 07/14  04:40:00,130494.4894
 07/14  04:45:00,130494.4894
 07/14  04:50:00,130494.4894
 07/14  04:55:00,130494.4894
 07/14  05:00:00,130494.4894
 07/14  05:05:00,194219.8997
 07/14  05:10:00,194219.8997
 07/14  05:15:00,194219.8997
 07/14  05:20:00,194219.8997
 07/14  05:25:00,194219.8997
 07/14  05:30:00,194219.8997
 07/14  05:35:00,194219.8997
 07/14  05:40:00,194219.8997
 07/14  05:45:00,194219.8997
 07/14  05:50:00,194219.8997
 07/14  05:55:00,194219.8997
 07/14  06:00:00,194219.8997
 07/14  06:05:00,1089053.931
 07/14  06:10:00,1105814.801
 07/14  06:15:00,1046367.651
 07/14  06:20:00,993819.429
 07/14  06:25:00,1000678.77
 07/14  06:30:00,962799.2193
 07/14  06:35:00,947661.2575
 07/14  06:40:00,941462.4746
 07/14  06:45:00,938479.8679
 07/14  06:50:00,938088.2345
 07/14  06:55:00,940714.9928
 07/14  07:00:00,946368.4738
 07/14  07:05:00,935813.4734
 07/14  07:10:00,934712.3111
 07/14  07:15:00,935113.5316
 07/14  07:20:00,936465.3812
 07/14  07:25:00,938921.7578
 07/14  07:30:00,941770.2221
 07/14  07:35:00,944476.4935
 07/14  07:40:00,946981.2729
 07/14  07:45:00,949166.7043
 07/14  07:50:00,1259952.515
 07/14  07:55:00,1352947.538
 07/14  08:00:00,1351850.653
 07/14  08:05:00,634609.322
 07/14  08:10:00,609263.0598
 07/14  08:15:00,437898.0999
 07/14  08:20:00,213617.115
 07/14  08:25:00,213617.115
 07/14  08:30:00,289784.0691
 07/14  08:35:00,325717.5562
 07/14  08:40:00,336228.3072
 07/14  08:45:00,366979.8384
 07/14  08:50:00,2804351.131
 07/14  08:55:00,427938.0772
 07/14  09:00:00,432737.101
 07/14  09:05:00,466797.4768
 07/14  09:10:00,455021.1908
 07/14  09:15:00,468572.2127
 07/14  09:20:00,481866.1163
 07/14  09:25:00,494415.3119
 07/14  09:30:00,506000.6978
 07/14  09:35:00,516675.9112
 07/14  09:40:00,526414.1342
 07/14  09:45:00,535368.1211
 07/14  09:50:00,543639.1599
 07/14  09:55:00,551285.7618
 07/14  10:00:00,558483.6591
 07/14  10:05:00,1109711.293
 07/14  10:10:00,572005.7834
 07/14  10:15:00,575010.8564
 07/14  10:20:00,580447.9605
 07/14  10:25:00,586555.3321
 07/14  10:30:00,593108.5574
 07/14  10:35:00,600020.321
 07/14  10:40:00,607609.6504
 07/14  10:45:00,615762.17
 07/14  10:50:00,624273.8144
 07/14  10:55:00,632987.1379
 07/14  11:00:00,641911.9694
 07/14  11:05:00,648890.9236
 07/14  11:10:00,657830.6212
 07/14  11:15:00,667733.1002
 07/14  11:20:00,678207.5361
 07/14  11:25:00,688613.3338
 07/14  11:30:00,698568.692
 07/14  11:35:00,708432.3431
 07/14  11:40:00,718543.2232
 07/14  11:45:00,728812.7561
 07/14  11:50:00,739410.7474
 07/14  11:55:00,749848.9342
 07/14  12:00:00,760547.7099
 07/14  12:05:00,805806.4018
 07/14  12:10:00,841176.6442
 07/14  12:15:00,853275.0997
 07/14  12:20:00,863136.395
 07/14  12:25:00,872585.7447
 07/14  12:30:00,882041.1679
 07/14  12:35:00,891545.5664
 07/14  12:40:00,901466.0491
 07/14  12:45:00,911452.9506
 07/14  12:50:00,921355.8706
 07/14  12:55:00,931195.8024
 07/14  13:00:00,940826.1914
 07/14  13:05:00,912853.5612
 07/14  13:10:00,896501.3739
 07/14  13:15:00,903735.6212
 07/14  13:20:00,913264.1018
 07/14  13:25:00,923431.4624
 07/14  13:30:00,933725.4135
 07/14  13:35:00,944098.9709
 07/14  13:40:00,954717.7398
 07/14  13:45:00,965800.2963
 07/14  13:50:00,977835.0897
 07/14  13:55:00,994603.772
 07/14  14:00:00,1005576.989
 07/14  14:05:00,1019379.577
 07/14  14:10:00,1028463.762
 07/14  14:15:00,1041311.008
 07/14  14:20:00,1055061.59
 07/14  14:25:00,1069378.278
 07/14  14:30:00,1084054.672
 07/14  14:35:00,1096749.359
 07/14  14:40:00,1107750.951
 07/14  14:45:00,1117623.972
 07/14  14:50:00,1126473.711
 07/14  14:55:00,1137723.921
 07/14  15:00:00,1149148.72
 07/14  15:05:00,1214052.373
 07/14  15:10:00,1235968.094
 07/14  15:15:00,1242581.182
 07/14  15:20:00,1247483.98
 07/14  15:25:00,1251731.802
 07/14  15:30:00,1255239.671
 07/14  15:35:00,1259656.666
 07/14  15:40:00,1650159.152
 07/14  15:45:00,1667392.331
 07/14  15:50:00,1670606.036
 07/14  15:55:00,1674555.954
 07/14  16:00:00,1682237.798
 07/14  16:05:00,1859742.563
 07/14  16:10:00,1590404.967
 07/14  16:15:00,1450158.828
 07/14  16:20:00,1447699.811
 07/14  16:25:00,1445247.097
 07/14  16:30:00,1442800.725
 07/14  16:35:00,1440360.734
 07/14  16:40:00,1437927.163
 07/14  16:45:00,1435500.051
 07/14  16:50:00,1433079.436
 07/14  16:55:00,1430665.356
 07/14  17:00:00,1428257.85
 07/14  17:05:00,1430930.295
 07/14  17:10:00,1429930.268
 07/14  17:15:00,1428931.394
 07/14  17:20:00,1427933.677
 07/14  17:25:00,1426937.118
 07/14  17:30:00,1425941.722
 07/14  17:35:00,1424947.49
 07/14  17:40:00,1423954.426
 07/14  17:45:00,1422962.531
 07/14  17:50:00,1421971.81
 07/14  17:55:00,1420982.264
 07/14  18:00:00,1419993.896
 07/14  18:05:00,1416968.948
 07/14  18:10:00,1409373.584
 07/14  18:15:00,1401852.661
 07/14  18:20:00,1589822.282
 07/14  18:25:00,1782685.198
 07/14  18:30:00,1775395.242
 07/14  18:35:00,1768184.793
 07/14  18:40:00,1761055.091
 07/14  18:45:00,1754007.372
 07/14  18:50:00,1747042.86
 07/14  18:55:00,1740162.771
 07/14  19:00:00,1733368.312
 07/14  19:05:00,1758339.319
 07/14  19:10:00,1755421.331
 07/14  19:15:00,1752520.038
 07/14  19:20:00,1749635.538
 07/14  19:25:00,1746767.929
 07/14  19:30:00,1743917.308
 07/14  19:35:00,1741083.772
 07/14  19:40:00,1703498.711
 07/14  19:45:00,1339822.397
 07/14  19:50:00,1337040.695
 07/14  19:55:00,1334276.462
 07/14  20:00:00,1331529.796
 07/14  20:05:00,1355670.53
 07/14  20:10:00,1353117.286
 07/14  20:15:00,1350579.843
 07/14  20:20:00,1348058.28
 07/14  20:25:00,1345552.676
 07/14  20:30:00,1343063.108
 07/14  20:35:00,1340589.654
 07/14  20:40:00,1338132.391
 07/14  20:45:00,1335691.397
 07/14  20:50:00,1333266.749
 07/14  20:55:00,1330858.523
 07/14  21:00:00,1328466.796
 07/14  21:05:00,286441.298
 07/14  21:10:00,275247.5673
 07/14  21:15:00,275247.5673
 07/14  21:20:00,329435.8393
 07/14  21:25:00,413094.3006
 07/14  21:30:00,482397.4862
 07/14  21:35:00,502358.6784
 07/14  21:40:00,522592.6168
 07/14  21:45:00,534508.7632
 07/14  21:50:00,542910.1311
 07/14  21:55:00,551526.0528
 07/14  22:00:00,558924.3001
 07/14  22:05:00,451526.8767
 07/14  22:10:00,448439.8459
 07/14  22:15:00,447792.0583
 07/14  22:20:00,447501.2639
 07/14  22:25:00,446925.021
 07/14  22:30:00,445864.1523
 07/14  22:35:00,444324.7111
 07/14  22:40:00,442355.7483
 07/14  22:45:00,440027.1426
 07/14  22:50:00,437407.4087
 07/14  22:55:00,434552.5364
 07/14  23:00:00,431490.9798
 07/14  23:05:00,369281.4331
 07/14  23:10:00,360789.1587
 07/14  23:15:00,353637.8883
 07/14  23:20:00,346431.5329
 07/14  23:25:00,338788.7412
 07/14  23:30:00,293838.7162
 07/14  23:35:00,214678.8555
 07/14  23:40:00,128210.701
 07/14  23:45:00,128210.701
 07/14  23:50:00,128210.701
 07/14  23:55:00,128210.701
 07/14  24:00:00,128210.701
 07/15  00:05:00,109999.9367
 07/15  00:10:00,202256.9768
 07/15  00:15:00,235212.0625
 07/15  00:20:00,214770.8337
 07/15  00:25:00,217565.7837
 07/15  00:30:00,211598.0868
 07/15  00:35:00,206270.9745
 07/15  00:40:00,201126.7359
 07/15  00:45:00,196003.6738
 07/15  00:50:00,190869.9269
 07/15  00:55:00,185723.8333
 07/15  01:00:00,180591.3608
 07/15  01:05:00,165831.365
 07/15  01:10:00,161717.6233
 07/15  01:15:00,157981.2815
 07/15  01:20:00,154371.1649
 07/15  01:25:00,150813.0549
 07/15  01:30:00,147288.9933
 07/15  01:35:00,143801.7167
 07/15  01:40:00,140359.3076
 07/15  01:45:00,136974.7523
 07/15  01:50:00,133662.506
 07/15  01:55:00,130444.6845
 07/15  02:00:00,127374.0997
 07/15  02:05:00,121799.6329
 07/15  02:10:00,117701.5435
 07/15  02:15:00,113719.2422
 07/15  02:20:00,109805.1952
 07/15  02:25:00,105992.6313
 07/15  02:30:00,102347.0173
 07/15  02:35:00,99066.86334
 07/15  02:40:00,99066.86334
 07/15  02:45:00,99066.86334
 07/15  02:50:00,99066.86334
 07/15  02:55:00,99066.86334
 07/15  03:00:00,99066.86334
 07/15  03:05:00,99531.57538
 07/15  03:10:00,99531.57538
 07/15  03:15:00,99531.57538
 07/15  03:20:00,99531.57538
 07/15  03:25:00,99531.57538
 07/15  03:30:00,99531.57538
 07/15  03:35:00,99531.57538
 07/15  03:40:00,99531.57538
 07/15  03:45:00,99531.57538
 07/15  03:50:00,99531.57538
 07/15  03:55:00,99531.57538
 07/15  04:00:00,99531.57538
 07/15  04:05:00,130494.4894
 07/15  04:10:00,130494.4894
 07/15  04:15:00,130494.4894
 07/15  04:20:00,130494.4894
 07/15  04:25:00,130494.4894
 07/15  04:30:00,130494.4894
 07/15  04:35:00,130494.4894
 07/15  04:40:00,130494.4894
 07/15  04:45:00,130494.4894
 07/15  04:50:00,130494.4894
 07/15  04:55:00,130494.4894
 07/15  05:00:00,130494.4894
 07/15  05:05:00,194219.8997
 07/15  05:10:00,194219.8997
 07/15  05:15:00,194219.8997
 07/15  05:20:00,194219.8997
 07/15  05:25:00,194219.8997
 07/15  05:30:00,194219.8997
 07/15  05:35:00,194219.8997
 07/15  05:40:00,194219.8997
 07/15  05:45:00,548718.9686
 07/15  05:50:00,589865.8444
 07/15  05:55:00,589865.8444
 07/15  06:00:00,589865.8444
 07/15  06:05:00,1485076.029
 07/15  06:10:00,1497407.266
 07/15  06:15:00,1367864.099
 07/15  06:20:00,1007813.514
 07/15  06:25:00,704824.4168
 07/15  06:30:00,747541.1513
 07/15  06:35:00,747251.4863
 07/15  06:40:00,744763.6735
 07/15  06:45:00,743964.214
 07/15  06:50:00,751772.3372
 07/15  06:55:00,755333.5232
 07/15  07:00:00,762724.6086
 07/15  07:05:00,757795.3047
 07/15  07:10:00,765701.5289
 07/15  07:15:00,776919.2015
 07/15  07:20:00,789539.0117
 07/15  07:25:00,801746.6043
 07/15  07:30:00,815802.503
 07/15  07:35:00,826075.873
 07/15  07:40:00,834228.5202
 07/15  07:45:00,841578.5448
 07/15  07:50:00,848571.546
 07/15  07:55:00,855383.7931
 07/15  08:00:00,862048.8373
 07/15  08:05:00,241422.7653
 07/15  08:10:00,213617.115
 07/15  08:15:00,213617.115
 07/15  08:20:00,213617.115
 07/15  08:25:00,213617.115
 07/15  08:30:00,213617.115
 07/15  08:35:00,213617.115
 07/15  08:40:00,254656.4225
 07/15  08:45:00,278915.4187
 07/15  08:50:00,290971.2313
 07/15  08:55:00,297323.8504
 07/15  09:00:00,304788.7955
 07/15  09:05:00,307168.6545
 07/15  09:10:00,314152.9602
 07/15  09:15:00,321018.6861
 07/15  09:20:00,331787.348
 07/15  09:25:00,339265.956
 07/15  09:30:00,340442.1916
 07/15  09:35:00,350299.943
 07/15  09:40:00,362229.3573
 07/15  09:45:00,421510.4954
 07/15  09:50:00,769353.8105
 07/15  09:55:00,764523.8493
 07/15  10:00:00,765775.0942
 07/15  10:05:00,763663.5902
 07/15  10:10:00,766272.6552
 07/15  10:15:00,769747.5617
 07/15  10:20:00,428067.7355
 07/15  10:25:00,380746.3312
 07/15  10:30:00,383442.6576
 07/15  10:35:00,386562.6282
 07/15  10:40:00,390274.5506
 07/15  10:45:00,394493.5714
 07/15  10:50:00,398943.4095
 07/15  10:55:00,403542.5655
 07/15  11:00:00,408302.6719
 07/15  11:05:00,411886.3545
 07/15  11:10:00,417208.4594
 07/15  11:15:00,423367.8657
 07/15  11:20:00,429913.7743
 07/15  11:25:00,436197.2367
 07/15  11:30:00,442327.9806
 07/15  11:35:00,448430.8459
 07/15  11:40:00,454721.6209
 07/15  11:45:00,461415.6969
 07/15  11:50:00,476873.7753
 07/15  11:55:00,477166.2884
 07/15  12:00:00,482319.8227
 07/15  12:05:00,495508.3655
 07/15  12:10:00,533083.1114
 07/15  12:15:00,538955.9479
 07/15  12:20:00,533338.255
 07/15  12:25:00,534850.3692
 07/15  12:30:00,538632.7994
 07/15  12:35:00,543012.899
 07/15  12:40:00,547949.4078
 07/15  12:45:00,553034.0779
 07/15  12:50:00,558097.9279
 07/15  12:55:00,563201.6364
 07/15  13:00:00,568328.4538
 07/15  13:05:00,564838.4258
 07/15  13:10:00,552224.5741
 07/15  13:15:00,556593.196
 07/15  13:20:00,561747.4717
 07/15  13:25:00,566989.1278
 07/15  13:30:00,807932.113
 07/15  13:35:00,976436.4721
 07/15  13:40:00,985564.4397
 07/15  13:45:00,977936.796
 07/15  13:50:00,975747.2696
 07/15  13:55:00,975012.711
 07/15  14:00:00,974183.57
 07/15  14:05:00,614037.1788
 07/15  14:10:00,573548.4929
 07/15  14:15:00,571863.7167
 07/15  14:20:00,569550.4303
 07/15  14:25:00,566330.6201
 07/15  14:30:00,562374.2051
 07/15  14:35:00,561878.7782
 07/15  14:40:00,564647.8798
 07/15  14:45:00,569594.1591
 07/15  14:50:00,577412.9118
 07/15  14:55:00,586565.1789
 07/15  15:00:00,596869.2312
 07/15  15:05:00,656353.5102
 07/15  15:10:00,680458.8271
 07/15  15:15:00,692819.8087
 07/15  15:20:00,705097.0792
 07/15  15:25:00,718044.0012
 07/15  15:30:00,731785.5842
 07/15  15:35:00,743480.7
 07/15  15:40:00,754944.7056
 07/15  15:45:00,765600.212
 07/15  15:50:00,775718.0061
 07/15  15:55:00,785584.6791
 07/15  16:00:00,795288.5564
 07/15  16:05:00,1255442.961
 07/15  16:10:00,1246441.958
 07/15  16:15:00,1246441.958
 07/15  16:20:00,1246441.958
 07/15  16:25:00,1246441.958
 07/15  16:30:00,1575936.653
 07/15  16:35:00,1246441.958
 07/15  16:40:00,1832950.777
 07/15  16:45:00,1642087.903
 07/15  16:50:00,2009952.609
 07/15  16:55:00,1642087.903
 07/15  17:00:00,2101309.536
 07/15  17:05:00,1646463.66
 07/15  17:10:00,1866576.748
 07/15  17:15:00,1647872.957
 07/15  17:20:00,1382762.667
 07/15  17:25:00,1253642.999
 07/15  17:30:00,1254353.495
 07/15  17:35:00,1255065.656
 07/15  17:40:00,1255779.481
 07/15  17:45:00,1256494.967
 07/15  17:50:00,1257212.111
 07/15  17:55:00,1257930.911
 07/15  18:00:00,1258651.366
 07/15  18:05:00,1258570.569
 07/15  18:10:00,1253918.807
 07/15  18:15:00,1249340.304
 07/15  18:20:00,1462417.655
 07/15  18:25:00,1490413.785
 07/15  18:30:00,1849583.292
 07/15  18:35:00,1627417.651
 07/15  18:40:00,1869270.073
 07/15  18:45:00,1619089.462
 07/15  18:50:00,1748708.335
 07/15  18:55:00,1566524.543
 07/15  19:00:00,1537407.46
 07/15  19:05:00,1551017.302
 07/15  19:10:00,1536237.604
 07/15  19:15:00,1523037.137
 07/15  19:20:00,1846633.137
 07/15  19:25:00,1505814.319
 07/15  19:30:00,2192581.676
 07/15  19:35:00,1495282.581
 07/15  19:40:00,1732055.896
 07/15  19:45:00,1279802.102
 07/15  19:50:00,1427989.478
 07/15  19:55:00,1055580.392
 07/15  20:00:00,1338917.547
 07/15  20:05:00,1061011.971
 07/15  20:10:00,1041173.541
 07/15  20:15:00,1026074.418
 07/15  20:20:00,1012537.552
 07/15  20:25:00,999594.3355
 07/15  20:30:00,986967.8765
 07/15  20:35:00,974594.9809
 07/15  20:40:00,962461.4987
 07/15  20:45:00,950562.7272
 07/15  20:50:00,938901.5534
 07/15  20:55:00,927376.5065
 07/15  21:00:00,916055.6215
 07/15  21:05:00,304241.7986
 07/15  21:10:00,275247.5673
 07/15  21:15:00,275247.5673
 07/15  21:20:00,275247.5673
 07/15  21:25:00,275247.5673
 07/15  21:30:00,275247.5673
 07/15  21:35:00,275247.5673
 07/15  21:40:00,275247.5673
 07/15  21:45:00,275247.5673
 07/15  21:50:00,275247.5673
 07/15  21:55:00,275247.5673
 07/15  22:00:00,275247.5673
 07/15  22:05:00,177395.4889
 07/15  22:10:00,177395.4889
 07/15  22:15:00,177395.4889
 07/15  22:20:00,177395.4889
 07/15  22:25:00,177395.4889
 07/15  22:30:00,177395.4889
 07/15  22:35:00,177395.4889
 07/15  22:40:00,177395.4889
 07/15  22:45:00,177395.4889
 07/15  22:50:00,177395.4889
 07/15  22:55:00,177395.4889
 07/15  23:00:00,177395.4889
 07/15  23:05:00,128210.701
 07/15  23:10:00,128210.701
 07/15  23:15:00,128210.701
 07/15  23:20:00,128210.701
 07/15  23:25:00,128210.701
 07/15  23:30:00,128210.701
 07/15  23:35:00,128210.701
 07/15  23:40:00,128210.701
 07/15  23:45:00,128210.701
 07/15  23:50:00,128210.701
 07/15  23:55:00,128210.701
 07/15  24:00:00,128210.701
 07/16  00:05:00,109999.9367
 07/16  00:10:00,109999.9367
 07/16  00:15:00,109999.9367
 07/16  00:20:00,109999.9367
 07/16  00:25:00,109999.9367
 07/16  00:30:00,109999.9367
 07/16  00:35:00,109999.9367
 07/16  00:40:00,109999.9367
 07/16  00:45:00,109999.9367
 07/16  00:50:00,109999.9367
 07/16  00:55:00,109999.9367
 07/16  01:00:00,109999.9367
 07/16  01:05:00,100450.6974
 07/16  01:10:00,100450.6974
 07/16  01:15:00,100450.6974
 07/16  01:20:00,100450.6974
 07/16  01:25:00,100450.6974
 07/16  01:30:00,100450.6974
 07/16  01:35:00,100450.6974
 07/16  01:40:00,100450.6974
 07/16  01:45:00,100450.6974
 07/16  01:50:00,100450.6974
 07/16  01:55:00,100450.6974
 07/16  02:00:00,100450.6974
 07/16  02:05:00,99066.86334
 07/16  02:10:00,99066.86334
 07/16  02:15:00,99066.86334
 07/16  02:20:00,99066.86334
 07/16  02:25:00,99066.86334
 07/16  02:30:00,99066.86334
 07/16  02:35:00,99066.86334
 07/16  02:40:00,99066.86334
 07/16  02:45:00,99066.86334
 07/16  02:50:00,99066.86334
 07/16  02:55:00,99066.86334
 07/16  03:00:00,99066.86334
 07/16  03:05:00,99531.57538
 07/16  03:10:00,99531.57538
 07/16  03:15:00,99531.57538
 07/16  03:20:00,99531.57538
 07/16  03:25:00,99531.57538
 07/16  03:30:00,99531.57538
 07/16  03:35:00,99531.57538
 07/16  03:40:00,99531.57538
 07/16  03:45:00,99531.57538
 07/16  03:50:00,99531.57538
 07/16  03:55:00,99531.57538
 07/16  04:00:00,99531.57538
 07/16  04:05:00,130494.4894
 07/16  04:10:00,130494.4894
 07/16  04:15:00,130494.4894
 07/16  04:20:00,130494.4894
 07/16  04:25:00,200401.7628
 07/16  04:30:00,526140.4342
 07/16  04:35:00,526140.4342
 07/16  04:40:00,526140.4342
 07/16  04:45:00,526140.4342
 07/16  04:50:00,391169.3207
 07/16  04:55:00,130494.4894
 07/16  05:00:00,130494.4894
 07/16  05:05:00,567985.5922
 07/16  05:10:00,589865.8444
 07/16  05:15:00,589865.8444
 07/16  05:20:00,589865.8444
 07/16  05:25:00,589865.8444
 07/16  05:30:00,589865.8444
 07/16  05:35:00,589865.8444
 07/16  05:40:00,589865.8444
 07/16  05:45:00,589865.8444
 07/16  05:50:00,589865.8444
 07/16  05:55:00,589865.8444
 07/16  06:00:00,589865.8444
 07/16  06:05:00,1326370.1
 07/16  06:10:00,1178254.346
 07/16  06:15:00,1241128.618
 07/16  06:20:00,1167406.939
 07/16  06:25:00,1177606.782
 07/16  06:30:00,868524.8484
 07/16  06:35:00,791439.1918
 07/16  06:40:00,790064.2427
 07/16  06:45:00,792026.9466
 07/16  06:50:00,794216.0643
 07/16  06:55:00,797531.7858
 07/16  07:00:00,802046.4744
 07/16  07:05:00,793454.0448
 07/16  07:10:00,796317.3799
 07/16  07:15:00,800926.2571
 07/16  07:20:00,806052.617
 07/16  07:25:00,817672.6739
 07/16  07:30:00,821187.722
 07/16  07:35:00,822928.8537
 07/16  07:40:00,834346.0182
 07/16  07:45:00,833184.1341
 07/16  07:50:00,836012.1052
 07/16  07:55:00,840083.7927
 07/16  08:00:00,844501.5293
 07/16  08:05:00,241760.3987
 07/16  08:10:00,213617.115
 07/16  08:15:00,213617.115
 07/16  08:20:00,213617.115
 07/16  08:25:00,213617.115
 07/16  08:30:00,213617.115
 07/16  08:35:00,213617.115
 07/16  08:40:00,259050.3711
 07/16  08:45:00,291871.6723
 07/16  08:50:00,295916.9142
 07/16  08:55:00,314014.3229
 07/16  09:00:00,326873.0965
 07/16  09:05:00,334112.3088
 07/16  09:10:00,346360.2706
 07/16  09:15:00,358581.4154
 07/16  09:20:00,370336.6574
 07/16  09:25:00,381489.4523
 07/16  09:30:00,391942.9154
 07/16  09:35:00,401396.5689
 07/16  09:40:00,409928.7248
 07/16  09:45:00,417620.7721
 07/16  09:50:00,531181.6318
 07/16  09:55:00,834604.996
 07/16  10:00:00,834180.4659
 07/16  10:05:00,833694.1089
 07/16  10:10:00,837695.1877
 07/16  10:15:00,842495.0864
 07/16  10:20:00,586135.4294
 07/16  10:25:00,456759.4596
 07/16  10:30:00,461804.8944
 07/16  10:35:00,467418.8981
 07/16  10:40:00,473820.3003
 07/16  10:45:00,480765.0827
 07/16  10:50:00,488006.0068
 07/16  10:55:00,495463.0672
 07/16  11:00:00,506171.5969
 07/16  11:05:00,520815.1599
 07/16  11:10:00,528406.3004
 07/16  11:15:00,539204.8978
 07/16  11:20:00,551474.1613
 07/16  11:25:00,565270.868
 07/16  11:30:00,579228.9623
 07/16  11:35:00,592841.7762
 07/16  11:40:00,606381.7773
 07/16  11:45:00,619976.0874
 07/16  11:50:00,633685.5397
 07/16  11:55:00,647400.1036
 07/16  12:00:00,661251.6544
 07/16  12:05:00,707108.5903
 07/16  12:10:00,744872.8874
 07/16  12:15:00,760150.5797
 07/16  12:20:00,773195.4541
 07/16  12:25:00,786545.7651
 07/16  12:30:00,799904.5698
 07/16  12:35:00,813155.7085
 07/16  12:40:00,826965.3185
 07/16  12:45:00,840766.6879
 07/16  12:50:00,854713.3607
 07/16  12:55:00,868773.102
 07/16  13:00:00,882848.0995
 07/16  13:05:00,848276.4078
 07/16  13:10:00,827587.2048
 07/16  13:15:00,830740.0385
 07/16  13:20:00,835752.8516
 07/16  13:25:00,840885.032
 07/16  13:30:00,845822.0122
 07/16  13:35:00,851020.5798
 07/16  13:40:00,856650.4288
 07/16  13:45:00,862556.2235
 07/16  13:50:00,868955.3145
 07/16  13:55:00,875493.4088
 07/16  14:00:00,882138.0165
 07/16  14:05:00,882014.2532
 07/16  14:10:00,886526.1372
 07/16  14:15:00,892520.88
 07/16  14:20:00,899218.4034
 07/16  14:25:00,906437.433
 07/16  14:30:00,914068.4375
 07/16  14:35:00,921578.506
 07/16  14:40:00,928876.4481
 07/16  14:45:00,936019.194
 07/16  14:50:00,944347.6352
 07/16  14:55:00,951820.7887
 07/16  15:00:00,958476.8079
 07/16  15:05:00,1013390.636
 07/16  15:10:00,1032045.595
 07/16  15:15:00,1038369.422
 07/16  15:20:00,1044005.285
 07/16  15:25:00,1049624.98
 07/16  15:30:00,1056322.651
 07/16  15:35:00,1059889.132
 07/16  15:40:00,1061597.803
 07/16  15:45:00,1062520.461
 07/16  15:50:00,1062807.728
 07/16  15:55:00,1062462.847
 07/16  16:00:00,1061479.33
 07/16  16:05:00,1346077.937
 07/16  16:10:00,1332182.207
 07/16  16:15:00,1327331.983
 07/16  16:20:00,1322526.703
 07/16  16:25:00,1317766.808
 07/16  16:30:00,1313052.733
 07/16  16:35:00,1308384.914
 07/16  16:40:00,1303763.782
 07/16  16:45:00,1299189.768
 07/16  16:50:00,1294663.298
 07/16  16:55:00,1290184.798
 07/16  17:00:00,1285754.691
 07/16  17:05:00,1284114.56
 07/16  17:10:00,1278873.527
 07/16  17:15:00,1273705.956
 07/16  17:20:00,1268612.586
 07/16  17:25:00,1263594.147
 07/16  17:30:00,1258651.366
 07/16  17:35:00,1253784.965
 07/16  17:40:00,1581549.654
 07/16  17:45:00,1639930.104
 07/16  17:50:00,1635297.117
 07/16  17:55:00,1630743.342
 07/16  18:00:00,1626269.475
 07/16  18:05:00,1630913.046
 07/16  18:10:00,1405036.118
 07/16  18:15:00,1235267.102
 07/16  18:20:00,1235267.102
 07/16  18:25:00,1235267.102
 07/16  18:30:00,1235267.102
 07/16  18:35:00,1235267.102
 07/16  18:40:00,1219620.566
 07/16  18:45:00,1193919.874
 07/16  18:50:00,1180484.504
 07/16  18:55:00,1163900.399
 07/16  19:00:00,1307537.954
 07/16  19:05:00,1165404.825
 07/16  19:10:00,1141483.071
 07/16  19:15:00,1121267.843
 07/16  19:20:00,1102387.812
 07/16  19:25:00,1084451.481
 07/16  19:30:00,1091992.65
 07/16  19:35:00,1447517.288
 07/16  19:40:00,1541145.577
 07/16  19:45:00,1444065.985
 07/16  19:50:00,1405201.228
 07/16  19:55:00,1388209.015
 07/16  20:00:00,4658868.865
 07/16  20:05:00,1509422.85
 07/16  20:10:00,1473038.932
 07/16  20:15:00,1397255.834
 07/16  20:20:00,1366499.728
 07/16  20:25:00,1351827.346
 07/16  20:30:00,1341551.526
 07/16  20:35:00,1332355.673
 07/16  20:40:00,1324654.304
 07/16  20:45:00,1558390.171
 07/16  20:50:00,1313104.581
 07/16  20:55:00,1656030.177
 07/16  21:00:00,1300138.352
 07/16  21:05:00,948996.5422
 07/16  21:10:00,670893.5121
 07/16  21:15:00,1017898.2
 07/16  21:20:00,670893.5121
 07/16  21:25:00,670893.5121
 07/16  21:30:00,670893.5121
 07/16  21:35:00,670893.5121
 07/16  21:40:00,670893.5121
 07/16  21:45:00,638779.1568
 07/16  21:50:00,275247.5673
 07/16  21:55:00,275247.5673
 07/16  22:00:00,275247.5673
 07/16  22:05:00,177395.4889
 07/16  22:10:00,177395.4889
 07/16  22:15:00,177395.4889
 07/16  22:20:00,177395.4889
 07/16  22:25:00,177395.4889
 07/16  22:30:00,177395.4889
 07/16  22:35:00,177395.4889
 07/16  22:40:00,177395.4889
 07/16  22:45:00,177395.4889
 07/16  22:50:00,177395.4889
 07/16  22:55:00,177395.4889
 07/16  23:00:00,177395.4889
 07/16  23:05:00,128210.701
 07/16  23:10:00,128210.701
 07/16  23:15:00,128210.701
 07/16  23:20:00,128210.701
 07/16  23:25:00,128210.701
 07/16  23:30:00,128210.701
 07/16  23:35:00,128210.701
 07/16  23:40:00,128210.701
 07/16  23:45:00,128210.701
 07/16  23:50:00,128210.701
 07/16  23:55:00,128210.701
 07/16  24:00:00,128210.701
 07/17  00:05:00,109999.9367
 07/17  00:10:00,109999.9367
 07/17  00:15:00,109999.9367
 07/17  00:20:00,109999.9367
 07/17  00:25:00,109999.9367
 07/17  00:30:00,109999.9367
 07/17  00:35:00,109999.9367
 07/17  00:40:00,109999.9367
 07/17  00:45:00,109999.9367
 07/17  00:50:00,109999.9367
 07/17  00:55:00,109999.9367
 07/17  01:00:00,109999.9367
 07/17  01:05:00,100450.6974
 07/17  01:10:00,100450.6974
 07/17  01:15:00,100450.6974
 07/17  01:20:00,100450.6974
 07/17  01:25:00,100450.6974
 07/17  01:30:00,100450.6974
 07/17  01:35:00,100450.6974
 07/17  01:40:00,100450.6974
 07/17  01:45:00,100450.6974
 07/17  01:50:00,100450.6974
 07/17  01:55:00,100450.6974
 07/17  02:00:00,100450.6974
 07/17  02:05:00,99066.86334
 07/17  02:10:00,99066.86334
 07/17  02:15:00,99066.86334
 07/17  02:20:00,99066.86334
 07/17  02:25:00,99066.86334
 07/17  02:30:00,99066.86334
 07/17  02:35:00,99066.86334
 07/17  02:40:00,99066.86334
 07/17  02:45:00,99066.86334
 07/17  02:50:00,99066.86334
 07/17  02:55:00,99066.86334
 07/17  03:00:00,99066.86334
 07/17  03:05:00,99531.57538
 07/17  03:10:00,99531.57538
 07/17  03:15:00,99531.57538
 07/17  03:20:00,99531.57538
 07/17  03:25:00,99531.57538
 07/17  03:30:00,99531.57538
 07/17  03:35:00,99531.57538
 07/17  03:40:00,99531.57538
 07/17  03:45:00,99531.57538
 07/17  03:50:00,99531.57538
 07/17  03:55:00,99531.57538
 07/17  04:00:00,99531.57538
 07/17  04:05:00,130494.4894
 07/17  04:10:00,130494.4894
 07/17  04:15:00,130494.4894
 07/17  04:20:00,130494.4894
 07/17  04:25:00,130494.4894
 07/17  04:30:00,130494.4894
 07/17  04:35:00,130494.4894
 07/17  04:40:00,130494.4894
 07/17  04:45:00,130494.4894
 07/17  04:50:00,130494.4894
 07/17  04:55:00,131169.6866
 07/17  05:00:00,131478.5932
 07/17  05:05:00,194219.8997
 07/17  05:10:00,194219.8997
 07/17  05:15:00,194219.8997
 07/17  05:20:00,194219.8997
 07/17  05:25:00,194219.8997
 07/17  05:30:00,194219.8997
 07/17  05:35:00,194219.8997
 07/17  05:40:00,194219.8997
 07/17  05:45:00,194219.8997
 07/17  05:50:00,194219.8997
 07/17  05:55:00,194219.8997
 07/17  06:00:00,194991.3411
 07/17  06:05:00,520175.6744
 07/17  06:10:00,387773.7623
 07/17  06:15:00,325611.3328
 07/17  06:20:00,354044.9444
 07/17  06:25:00,356103.0737
 07/17  06:30:00,354472.783
 07/17  06:35:00,351363.9032
 07/17  06:40:00,396570.0982
 07/17  06:45:00,744914.8796
 07/17  06:50:00,738444.38
 07/17  06:55:00,735223.9629
 07/17  07:00:00,731306.1736
 07/17  07:05:00,697517.4071
 07/17  07:10:00,311783.9593
 07/17  07:15:00,309210.03
 07/17  07:20:00,307738.6444
 07/17  07:25:00,306735.8467
 07/17  07:30:00,305977.0074
 07/17  07:35:00,305646.6573
 07/17  07:40:00,305810.5787
 07/17  07:45:00,306372.0317
 07/17  07:50:00,307243.729
 07/17  07:55:00,378240.3398
 07/17  08:00:00,1020235.149
 07/17  08:05:00,643303.2974
 07/17  08:10:00,609263.0598
 07/17  08:15:00,623242.1927
 07/17  08:20:00,615640.3817
 07/17  08:25:00,613590.7275
 07/17  08:30:00,612255.9794
 07/17  08:35:00,611373.5235
 07/17  08:40:00,610639.6437
 07/17  08:45:00,609963.7332
 07/17  08:50:00,609263.0598
 07/17  08:55:00,609263.0598
 07/17  09:00:00,609263.0598
 07/17  09:05:00,605311.8964
 07/17  09:10:00,605311.8964
 07/17  09:15:00,605311.8964
 07/17  09:20:00,605311.8964
 07/17  09:25:00,605311.8964
 07/17  09:30:00,496671.6412
 07/17  09:35:00,209665.9516
 07/17  09:40:00,209665.9516
 07/17  09:45:00,494547.9458
 07/17  09:50:00,484955.2321
 07/17  09:55:00,209665.9516
 07/17  10:00:00,362993.683
 07/17  10:05:00,361099.5777
 07/17  10:10:00,408604.9438
 07/17  10:15:00,609438.0414
 07/17  10:20:00,207771.8463
 07/17  10:25:00,207771.8463
 07/17  10:30:00,207771.8463
 07/17  10:35:00,207771.8463
 07/17  10:40:00,207771.8463
 07/17  10:45:00,207771.8463
 07/17  10:50:00,207771.8463
 07/17  10:55:00,207771.8463
 07/17  11:00:00,207771.8463
 07/17  11:05:00,207469.7004
 07/17  11:10:00,207469.7004
 07/17  11:15:00,207469.7004
 07/17  11:20:00,473087.1647
 07/17  11:25:00,603115.6451
 07/17  11:30:00,603115.6451
 07/17  11:35:00,603115.6451
 07/17  11:40:00,603115.6451
 07/17  11:45:00,603115.6451
 07/17  11:50:00,403857.865
 07/17  11:55:00,207469.7004
 07/17  12:00:00,207469.7004
 07/17  12:05:00,200425.2806
 07/17  12:10:00,213926.784
 07/17  12:15:00,213926.784
 07/17  12:20:00,3068414.064
 07/17  12:25:00,213926.784
 07/17  12:30:00,213926.784
 07/17  12:35:00,213926.784
 07/17  12:40:00,213926.784
 07/17  12:45:00,224553.1237
 07/17  12:50:00,243892.7735
 07/17  12:55:00,250814.8597
 07/17  13:00:00,261977.4673
 07/17  13:05:00,256135.8917
 07/17  13:10:00,244575.6394
 07/17  13:15:00,250418.1192
 07/17  13:20:00,257445.4324
 07/17  13:25:00,265004.8574
 07/17  13:30:00,272579.0407
 07/17  13:35:00,279057.4324
 07/17  13:40:00,284609.4925
 07/17  13:45:00,289855.5396
 07/17  13:50:00,294689.3875
 07/17  13:55:00,299084.7523
 07/17  14:00:00,303523.4429
 07/17  14:05:00,304284.9117
 07/17  14:10:00,308049.0822
 07/17  14:15:00,311777.7996
 07/17  14:20:00,315210.8895
 07/17  14:25:00,318208.0818
 07/17  14:30:00,320801.58
 07/17  14:35:00,323916.0289
 07/17  14:40:00,329775.0887
 07/17  14:45:00,332077.5662
 07/17  14:50:00,349240.6751
 07/17  14:55:00,343679.5322
 07/17  15:00:00,344864.7929
 07/17  15:05:00,388515.7259
 07/17  15:10:00,398999.716
 07/17  15:15:00,397874.2308
 07/17  15:20:00,395883.0644
 07/17  15:25:00,393525.975
 07/17  15:30:00,391010.2786
 07/17  15:35:00,389731.2102
 07/17  15:40:00,389593.5944
 07/17  15:45:00,390187.3407
 07/17  15:50:00,392156.9149
 07/17  15:55:00,395284.196
 07/17  16:00:00,399285.6493
 07/17  16:05:00,1209669.494
 07/17  16:10:00,1488790.231
 07/17  16:15:00,1591321.827
 07/17  16:20:00,1588879.233
 07/17  16:25:00,1586472.68
 07/17  16:30:00,1584102.343
 07/17  16:35:00,1581768.393
 07/17  16:40:00,1579059.497
 07/17  16:45:00,1267567.639
 07/17  16:50:00,1111618.491
 07/17  16:55:00,1089846.895
 07/17  17:00:00,1067884.713
 07/17  17:05:00,1063279.591
 07/17  17:10:00,1051895.91
 07/17  17:15:00,1038899.622
 07/17  17:20:00,1025563.14
 07/17  17:25:00,1012252.158
 07/17  17:30:00,998688.3064
 07/17  17:35:00,985002.4371
 07/17  17:40:00,972912.8577
 07/17  17:45:00,961515.3659
 07/17  17:50:00,950607.2062
 07/17  17:55:00,939945.2509
 07/17  18:00:00,929551.0376
 07/17  18:05:00,919596.374
 07/17  18:10:00,1059176.574
 07/17  18:15:00,1218844.115
 07/17  18:20:00,883580.1403
 07/17  18:25:00,1131502.784
 07/17  18:30:00,850350.9545
 07/17  18:35:00,1164985.156
 07/17  18:40:00,1207996.03
 07/17  18:45:00,1071643.844
 07/17  18:50:00,1414084.446
 07/17  18:55:00,1180008.641
 07/17  19:00:00,1350346.273
 07/17  19:05:00,1374806.078
 07/17  19:10:00,4393590.519
 07/17  19:15:00,1055293.907
 07/17  19:20:00,770790.706
 07/17  19:25:00,755926.5431
 07/17  19:30:00,745850.9329
 07/17  19:35:00,737592.6921
 07/17  19:40:00,730019.046
 07/17  19:45:00,722724.3877
 07/17  19:50:00,715552.1165
 07/17  19:55:00,708495.3922
 07/17  20:00:00,701570.201
 07/17  20:05:00,723322.1538
 07/17  20:10:00,717687.8139
 07/17  20:15:00,715715.5607
 07/17  20:20:00,711923.2331
 07/17  20:25:00,703475.7461
 07/17  20:30:00,694654.1166
 07/17  20:35:00,687916.5719
 07/17  20:40:00,681942.6398
 07/17  20:45:00,810441.0454
 07/17  20:50:00,1151028.347
 07/17  20:55:00,1086338.939
 07/17  21:00:00,1061571.883
 07/17  21:05:00,702956.6522
 07/17  21:10:00,670893.5121
 07/17  21:15:00,670893.5121
 07/17  21:20:00,670893.5121
 07/17  21:25:00,670893.5121
 07/17  21:30:00,391442.2793
 07/17  21:35:00,275247.5673
 07/17  21:40:00,275247.5673
 07/17  21:45:00,275247.5673
 07/17  21:50:00,275247.5673
 07/17  21:55:00,275247.5673
 07/17  22:00:00,275247.5673
 07/17  22:05:00,177395.4889
 07/17  22:10:00,177395.4889
 07/17  22:15:00,177395.4889
 07/17  22:20:00,177395.4889
 07/17  22:25:00,177395.4889
 07/17  22:30:00,177395.4889
 07/17  22:35:00,177395.4889
 07/17  22:40:00,177395.4889
 07/17  22:45:00,177395.4889
 07/17  22:50:00,177395.4889
 07/17  22:55:00,177395.4889
 07/17  23:00:00,177395.4889
 07/17  23:05:00,128210.701
 07/17  23:10:00,128210.701
 07/17  23:15:00,128210.701
 07/17  23:20:00,128210.701
 07/17  23:25:00,128210.701
 07/17  23:30:00,128210.701
 07/17  23:35:00,128210.701
 07/17  23:40:00,128210.701
 07/17  23:45:00,128210.701
 07/17  23:50:00,128210.701
 07/17  23:55:00,128210.701
 07/17  24:00:00,128210.701
 07/18  00:05:00,109999.9367
 07/18  00:10:00,109999.9367
 07/18  00:15:00,111007.3787
 07/18  00:20:00,111866.1321
 07/18  00:25:00,112135.5949
 07/18  00:30:00,112550.8341
 07/18  00:35:00,113127.8289
 07/18  00:40:00,113622.1562
 07/18  00:45:00,114072.4309
 07/18  00:50:00,114537.0825
 07/18  00:55:00,115010.9587
 07/18  01:00:00,115492.2347
 07/18  01:05:00,106510.9398
 07/18  01:10:00,106994.3663
 07/18  01:15:00,107437.7211
 07/18  01:20:00,107876.2846
 07/18  01:25:00,108313.1335
 07/18  01:30:00,108748.9974
 07/18  01:35:00,109183.4167
 07/18  01:40:00,109615.2901
 07/18  01:45:00,110043.6375
 07/18  01:50:00,110462.8792
 07/18  01:55:00,110876.2041
 07/18  02:00:00,111282.148
 07/18  02:05:00,110347.3262
 07/18  02:10:00,110770.8296
 07/18  02:15:00,111183.8082
 07/18  02:20:00,111591.9404
 07/18  02:25:00,111997.2814
 07/18  02:30:00,112400.1869
 07/18  02:35:00,112803.2709
 07/18  02:40:00,113203.6758
 07/18  02:45:00,113600.74
 07/18  02:50:00,113996.1488
 07/18  02:55:00,114391.8357
 07/18  03:00:00,114786.3762
 07/18  03:05:00,115547.1537
 07/18  03:10:00,116066.1202
 07/18  03:15:00,116522.7768
 07/18  03:20:00,116953.4465
 07/18  03:25:00,117374.2521
 07/18  03:30:00,117788.1017
 07/18  03:35:00,118198.8741
 07/18  03:40:00,118605.2233
 07/18  03:45:00,119009.554
 07/18  03:50:00,119409.5936
 07/18  03:55:00,119808.5248
 07/18  04:00:00,120202.4866
 07/18  04:05:00,150955.7877
 07/18  04:10:00,151070.1807
 07/18  04:15:00,151314.5022
 07/18  04:20:00,151606.6643
 07/18  04:25:00,151916.6596
 07/18  04:30:00,152233.1235
 07/18  04:35:00,152551.7507
 07/18  04:40:00,152870.8039
 07/18  04:45:00,354524.3283
 07/18  04:50:00,548963.3646
 07/18  04:55:00,548958.8449
 07/18  05:00:00,548829.0294
 07/18  05:05:00,610696.6418
 07/18  05:10:00,442794.1014
 07/18  05:15:00,213296.3515
 07/18  05:20:00,212675.5962
 07/18  05:25:00,212090.7676
 07/18  05:30:00,211621.0324
 07/18  05:35:00,210927.314
 07/18  05:40:00,209878.628
 07/18  05:45:00,208789.5358
 07/18  05:50:00,207704.6867
 07/18  05:55:00,206363.858
 07/18  06:00:00,205007.2231
 07/18  06:05:00,480147.5253
 07/18  06:10:00,240468.4586
 07/18  06:15:00,272815.9378
 07/18  06:20:00,290506.4929
 07/18  06:25:00,297832.4602
 07/18  06:30:00,307506.9203
 07/18  06:35:00,318211.6135
 07/18  06:40:00,342592.0639
 07/18  06:45:00,358760.9953
 07/18  06:50:00,372331.9332
 07/18  06:55:00,385113.2684
 07/18  07:00:00,397162.8426
 07/18  07:05:00,395547.3331
 07/18  07:10:00,406509.1817
 07/18  07:15:00,479443.6425
 07/18  07:20:00,436652.9389
 07/18  07:25:00,448795.413
 07/18  07:30:00,462766.2889
 07/18  07:35:00,473675.0508
 07/18  07:40:00,483389.3269
 07/18  07:45:00,492381.3247
 07/18  07:50:00,530997.5922
 07/18  07:55:00,667017.7904
 07/18  08:00:00,928686.6275
 07/18  08:05:00,640255.7115
 07/18  08:10:00,609263.0598
 07/18  08:15:00,1784091.346
 07/18  08:20:00,791215.7762
 07/18  08:25:00,791215.7762
 07/18  08:30:00,982913.5185
 07/18  08:35:00,609263.0598
 07/18  08:40:00,802331.1897
 07/18  08:45:00,609263.0598
 07/18  08:50:00,818166.1711
 07/18  08:55:00,508308.472
 07/18  09:00:00,213617.115
 07/18  09:05:00,209665.9516
 07/18  09:10:00,209665.9516
 07/18  09:15:00,209665.9516
 07/18  09:20:00,209665.9516
 07/18  09:25:00,209665.9516
 07/18  09:30:00,209665.9516
 07/18  09:35:00,209665.9516
 07/18  09:40:00,209665.9516
 07/18  09:45:00,209665.9516
 07/18  09:50:00,209665.9516
 07/18  09:55:00,209665.9516
 07/18  10:00:00,412925.6437
 07/18  10:05:00,207771.8463
 07/18  10:10:00,207771.8463
 07/18  10:15:00,207771.8463
 07/18  10:20:00,207771.8463
 07/18  10:25:00,221558.4665
 07/18  10:30:00,230249.518
 07/18  10:35:00,242052.7603
 07/18  10:40:00,247274.4176
 07/18  10:45:00,253700.4727
 07/18  10:50:00,260363.5915
 07/18  10:55:00,274318.205
 07/18  11:00:00,4977872.969
 07/18  11:05:00,321512.4995
 07/18  11:10:00,299563.8004
 07/18  11:15:00,296229.5093
 07/18  11:20:00,298672.866
 07/18  11:25:00,302666.7756
 07/18  11:30:00,306918.0315
 07/18  11:35:00,311118.9273
 07/18  11:40:00,315187.8229
 07/18  11:45:00,319052.3441
 07/18  11:50:00,322688.0816
 07/18  11:55:00,326132.5539
 07/18  12:00:00,331845.3368
 07/18  12:05:00,347802.2088
 07/18  12:10:00,368920.3135
 07/18  12:15:00,371527.4142
 07/18  12:20:00,372521.1149
 07/18  12:25:00,372966.3002
 07/18  12:30:00,372926.0656
 07/18  12:35:00,373340.9885
 07/18  12:40:00,374162.6624
 07/18  12:45:00,375315.4832
 07/18  12:50:00,380250.2752
 07/18  12:55:00,379134.1973
 07/18  13:00:00,379870.1185
 07/18  13:05:00,372435.8473
 07/18  13:10:00,354645.0754
 07/18  13:15:00,352926.8298
 07/18  13:20:00,352020.1157
 07/18  13:25:00,351501.9097
 07/18  13:30:00,350997.0407
 07/18  13:35:00,351457.1803
 07/18  13:40:00,582025.2697
 07/18  13:45:00,911674.9218
 07/18  13:50:00,801177.3574
 07/18  13:55:00,771080.2128
 07/18  14:00:00,762260.684
 07/18  14:05:00,768499.835
 07/18  14:10:00,794380.2588
 07/18  14:15:00,859782.8196
 07/18  14:20:00,802528.8667
 07/18  14:25:00,789058.461
 07/18  14:30:00,790240.5177
 07/18  14:35:00,795176.7995
 07/18  14:40:00,801944.4572
 07/18  14:45:00,808901.8195
 07/18  14:50:00,815847.0726
 07/18  14:55:00,883616.9406
 07/18  15:00:00,996593.4046
 07/18  15:05:00,960939.3523
 07/18  15:10:00,924261.3616
 07/18  15:15:00,918749.5323
 07/18  15:20:00,925503.8938
 07/18  15:25:00,976191.0374
 07/18  15:30:00,1001239.328
 07/18  15:35:00,977861.5508
 07/18  15:40:00,969812.7138
 07/18  15:45:00,983111.6829
 07/18  15:50:00,979203.6803
 07/18  15:55:00,980917.7819
 07/18  16:00:00,982507.1431
 07/18  16:05:00,1642658.739
 07/18  16:10:00,1635159.278
 07/18  16:15:00,1636669.055
 07/18  16:20:00,1638187.043
 07/18  16:25:00,1639713.219
 07/18  16:30:00,1641247.558
 07/18  16:35:00,1642790.038
 07/18  16:40:00,1295402.825
 07/18  16:45:00,1250253.375
 07/18  16:50:00,1251820.129
 07/18  16:55:00,1253394.927
 07/18  17:00:00,1235630.66
 07/18  17:05:00,1213572.169
 07/18  17:10:00,1198775.6
 07/18  17:15:00,1178506.482
 07/18  17:20:00,1160328.433
 07/18  17:25:00,1141850.042
 07/18  17:30:00,1124695.93
 07/18  17:35:00,1108382.08
 07/18  17:40:00,1097417.206
 07/18  17:45:00,1079518.565
 07/18  17:50:00,1064310.667
 07/18  17:55:00,1050463.086
 07/18  18:00:00,1037337.499
 07/18  18:05:00,1026775.82
 07/18  18:10:00,1011818.963
 07/18  18:15:00,999564.4668
 07/18  18:20:00,983490.3308
 07/18  18:25:00,969142.6238
 07/18  18:30:00,955732.647
 07/18  18:35:00,943394.0553
 07/18  18:40:00,931775.8952
 07/18  18:45:00,920637.4559
 07/18  18:50:00,909859.3704
 07/18  18:55:00,899361.7319
 07/18  19:00:00,889088.5863
 07/18  19:05:00,909559.3927
 07/18  19:10:00,898408.2667
 07/18  19:15:00,887570.4938
 07/18  19:20:00,877050.2932
 07/18  19:25:00,866629.5456
 07/18  19:30:00,856721.5654
 07/18  19:35:00,847192.5516
 07/18  19:40:00,837906.9304
 07/18  19:45:00,835169.9283
 07/18  19:50:00,821882.2321
 07/18  19:55:00,811681.1701
 07/18  20:00:00,984136.6057
 07/18  20:05:00,829983.7672
 07/18  20:10:00,1046232.144
 07/18  20:15:00,1367426.515
 07/18  20:20:00,1216713.208
 07/18  20:25:00,1200184.042
 07/18  20:30:00,1190593.183
 07/18  20:35:00,1183179.773
 07/18  20:40:00,1124036.716
 07/18  20:45:00,774243.3109
 07/18  20:50:00,767697.1072
 07/18  20:55:00,761133.1705
 07/18  21:00:00,754607.95
 07/18  21:05:00,308151.7042
 07/18  21:10:00,275247.5673
 07/18  21:15:00,275247.5673
 07/18  21:20:00,275247.5673
 07/18  21:25:00,275247.5673
 07/18  21:30:00,275247.5673
 07/18  21:35:00,275247.5673
 07/18  21:40:00,275247.5673
 07/18  21:45:00,275247.5673
 07/18  21:50:00,275247.5673
 07/18  21:55:00,275247.5673
 07/18  22:00:00,275247.5673
 07/18  22:05:00,177395.4889
 07/18  22:10:00,177395.4889
 07/18  22:15:00,177395.4889
 07/18  22:20:00,177395.4889
 07/18  22:25:00,177395.4889
 07/18  22:30:00,177395.4889
 07/18  22:35:00,177395.4889
 07/18  22:40:00,177395.4889
 07/18  22:45:00,177395.4889
 07/18  22:50:00,177395.4889
 07/18  22:55:00,177395.4889
 07/18  23:00:00,177395.4889
 07/18  23:05:00,128210.701
 07/18  23:10:00,128210.701
 07/18  23:15:00,128210.701
 07/18  23:20:00,128210.701
 07/18  23:25:00,128210.701
 07/18  23:30:00,128210.701
 07/18  23:35:00,128210.701
 07/18  23:40:00,128210.701
 07/18  23:45:00,128210.701
 07/18  23:50:00,128210.701
 07/18  23:55:00,128210.701
 07/18  24:00:00,128210.701
 07/19  00:05:00,109999.9367
 07/19  00:10:00,109999.9367
 07/19  00:15:00,109999.9367
 07/19  00:20:00,109999.9367
 07/19  00:25:00,109999.9367
 07/19  00:30:00,109999.9367
 07/19  00:35:00,109999.9367
 07/19  00:40:00,109999.9367
 07/19  00:45:00,109999.9367
 07/19  00:50:00,109999.9367
 07/19  00:55:00,109999.9367
 07/19  01:00:00,109999.9367
 07/19  01:05:00,100450.6974
 07/19  01:10:00,100450.6974
 07/19  01:15:00,100450.6974
 07/19  01:20:00,100450.6974
 07/19  01:25:00,100450.6974
 07/19  01:30:00,100450.6974
 07/19  01:35:00,100450.6974
 07/19  01:40:00,100450.6974
 07/19  01:45:00,100450.6974
 07/19  01:50:00,100450.6974
 07/19  01:55:00,100450.6974
 07/19  02:00:00,100450.6974
 07/19  02:05:00,99066.86334
 07/19  02:10:00,99066.86334
 07/19  02:15:00,99066.86334
 07/19  02:20:00,99887.59281
 07/19  02:25:00,100849.4172
 07/19  02:30:00,101157.2379
 07/19  02:35:00,101743.1912
 07/19  02:40:00,102277.113
 07/19  02:45:00,102780.4493
 07/19  02:50:00,103271.2003
 07/19  02:55:00,103780.588
 07/19  03:00:00,104306.4104
 07/19  03:05:00,105324.8022
 07/19  03:10:00,105874.8784
 07/19  03:15:00,106423.4102
 07/19  03:20:00,106970.5311
 07/19  03:25:00,107514.4337
 07/19  03:30:00,108070.257
 07/19  03:35:00,108634.4403
 07/19  03:40:00,109205.4552
 07/19  03:45:00,109782.275
 07/19  03:50:00,110363.9395
 07/19  03:55:00,110949.718
 07/19  04:00:00,111538.7827
 07/19  04:05:00,142468.8126
 07/19  04:10:00,142737.3418
 07/19  04:15:00,143134.9853
 07/19  04:20:00,143567.6086
 07/19  04:25:00,144028.507
 07/19  04:30:00,144498.953
 07/19  04:35:00,144968.0297
 07/19  04:40:00,145442.662
 07/19  04:45:00,145700.2172
 07/19  04:50:00,146320.0813
 07/19  04:55:00,146417.8654
 07/19  05:00:00,146376.0435
 07/19  05:05:00,208345.866
 07/19  05:10:00,207422.3356
 07/19  05:15:00,206810.4428
 07/19  05:20:00,206295.0684
 07/19  05:25:00,205844.7561
 07/19  05:30:00,205433.2882
 07/19  05:35:00,204556.9181
 07/19  05:40:00,203521.7538
 07/19  05:45:00,202412.0277
 07/19  05:50:00,201176.4201
 07/19  05:55:00,199836.0385
 07/19  06:00:00,198411.4439
 07/19  06:05:00,488188.0015
 07/19  06:10:00,233195.9423
 07/19  06:15:00,817455.4948
 07/19  06:20:00,829132.0216
 07/19  06:25:00,828337.7904
 07/19  06:30:00,839091.0101
 07/19  06:35:00,850802.7734
 07/19  06:40:00,862551.4074
 07/19  06:45:00,1021819.761
 07/19  06:50:00,993073.1708
 07/19  06:55:00,931662.5766
 07/19  07:00:00,920037.1363
 07/19  07:05:00,909570.3761
 07/19  07:10:00,916663.1177
 07/19  07:15:00,926626.605
 07/19  07:20:00,939443.2605
 07/19  07:25:00,955164.4144
 07/19  07:30:00,962132.7244
 07/19  07:35:00,971584.2607
 07/19  07:40:00,981506.5699
 07/19  07:45:00,991403.659
 07/19  07:50:00,1001063.513
 07/19  07:55:00,1010450.834
 07/19  08:00:00,634597.4869
 07/19  08:05:00,244301.4799
 07/19  08:10:00,213617.115
 07/19  08:15:00,213617.115
 07/19  08:20:00,213617.115
 07/19  08:25:00,213617.115
 07/19  08:30:00,213617.115
 07/19  08:35:00,213617.115
 07/19  08:40:00,213617.115
 07/19  08:45:00,213617.115
 07/19  08:50:00,213617.115
 07/19  08:55:00,213617.115
 07/19  09:00:00,213617.115
 07/19  09:05:00,209665.9516
 07/19  09:10:00,209665.9516
 07/19  09:15:00,209665.9516
 07/19  09:20:00,209665.9516
 07/19  09:25:00,209665.9516
 07/19  09:30:00,209665.9516
 07/19  09:35:00,219286.2508
 07/19  09:40:00,234621.1197
 07/19  09:45:00,241213.0892
 07/19  09:50:00,251847.2666
 07/19  09:55:00,262971.1425
 07/19  10:00:00,261022.0535
 07/19  10:05:00,259261.8924
 07/19  10:10:00,262481.9889
 07/19  10:15:00,267047.2207
 07/19  10:20:00,272183.5293
 07/19  10:25:00,277404.5157
 07/19  10:30:00,282619.4065
 07/19  10:35:00,288063.7647
 07/19  10:40:00,293902.7934
 07/19  10:45:00,303198.9172
 07/19  10:50:00,307764.7238
 07/19  10:55:00,313965.9985
 07/19  11:00:00,320706.3519
 07/19  11:05:00,325746.7274
 07/19  11:10:00,332757.128
 07/19  11:15:00,340549.5143
 07/19  11:20:00,348629.6173
 07/19  11:25:00,356685.2754
 07/19  11:30:00,364522.641
 07/19  11:35:00,372509.9516
 07/19  11:40:00,380445.5697
 07/19  11:45:00,388618.95
 07/19  11:50:00,398713.5775
 07/19  11:55:00,405826.4497
 07/19  12:00:00,413871.6398
 07/19  12:05:00,438546.998
 07/19  12:10:00,474207.557
 07/19  12:15:00,481840.5793
 07/19  12:20:00,490913.2354
 07/19  12:25:00,500540.5054
 07/19  12:30:00,510275.0386
 07/19  12:35:00,520037.4326
 07/19  12:40:00,530130.3031
 07/19  12:45:00,541737.0391
 07/19  12:50:00,550682.2136
 07/19  12:55:00,560354.4622
 07/19  13:00:00,570262.0403
 07/19  13:05:00,555031.4485
 07/19  13:10:00,542661.3524
 07/19  13:15:00,550813.3353
 07/19  13:20:00,560950.6125
 07/19  13:25:00,571942.2943
 07/19  13:30:00,583149.8264
 07/19  13:35:00,593857.4017
 07/19  13:40:00,604397.8505
 07/19  13:45:00,615050.6183
 07/19  13:50:00,625718.9908
 07/19  13:55:00,635763.3235
 07/19  14:00:00,645724.487
 07/19  14:05:00,650620.9924
 07/19  14:10:00,980533.4227
 07/19  14:15:00,1060281.101
 07/19  14:20:00,1066961.084
 07/19  14:25:00,1072482.2
 07/19  14:30:00,1085820.687
 07/19  14:35:00,1101642.076
 07/19  14:40:00,1093788.132
 07/19  14:45:00,861282.4865
 07/19  14:50:00,705538.3276
 07/19  14:55:00,711401.0305
 07/19  15:00:00,717408.4928
 07/19  15:05:00,772064.6105
 07/19  15:10:00,788865.4532
 07/19  15:15:00,792556.5567
 07/19  15:20:00,795148.255
 07/19  15:25:00,797544.424
 07/19  15:30:00,809111.9187
 07/19  15:35:00,810364.7949
 07/19  15:40:00,807300.9534
 07/19  15:45:00,817282.1425
 07/19  15:50:00,809648.4501
 07/19  15:55:00,808088.8339
 07/19  16:00:00,808620.4627
 07/19  16:05:00,1337368.551
 07/19  16:10:00,1327331.983
 07/19  16:15:00,1326298.482
 07/19  16:20:00,1325267.048
 07/19  16:25:00,1324237.688
 07/19  16:30:00,1323210.404
 07/19  16:35:00,1322185.201
 07/19  16:40:00,1321162.083
 07/19  16:45:00,1320141.055
 07/19  16:50:00,1319122.121
 07/19  16:55:00,1318105.286
 07/19  17:00:00,1317090.553
 07/19  17:05:00,1316224.012
 07/19  17:10:00,1311726.902
 07/19  17:15:00,1307273.233
 07/19  17:20:00,1302863.39
 07/19  17:25:00,1298497.757
 07/19  17:30:00,1294176.714
 07/19  17:35:00,1426943.831
 07/19  17:40:00,1681315.858
 07/19  17:45:00,1677130.851
 07/19  17:50:00,1672991.939
 07/19  17:55:00,1668899.491
 07/19  18:00:00,1661428.887
 07/19  18:05:00,1272216.8
 07/19  18:10:00,1270589.956
 07/19  18:15:00,1268970.996
 07/19  18:20:00,1267359.945
 07/19  18:25:00,1265756.825
 07/19  18:30:00,1264161.663
 07/19  18:35:00,1262574.483
 07/19  18:40:00,1332196.642
 07/19  18:45:00,1655070.108
 07/19  18:50:00,1653507.018
 07/19  18:55:00,1651952.006
 07/19  19:00:00,1650405.097
 07/19  19:05:00,1675936.005
 07/19  19:10:00,1666340.247
 07/19  19:15:00,1623308.495
 07/19  19:20:00,1601653.137
 07/19  19:25:00,1576937.875
 07/19  19:30:00,1544285.162
 07/19  19:35:00,1520776.215
 07/19  19:40:00,1500988.154
 07/19  19:45:00,1482824.178
 07/19  19:50:00,1465640.758
 07/19  19:55:00,1449245.346
 07/19  20:00:00,1433475.366
 07/19  20:05:00,1446709.154
 07/19  20:10:00,1279803.105
 07/19  20:15:00,1023816.252
 07/19  20:20:00,1010393.052
 07/19  20:25:00,997332.9081
 07/19  20:30:00,984643.0047
 07/19  20:35:00,972242.7279
 07/19  20:40:00,960140.1705
 07/19  20:45:00,948294.1373
 07/19  20:50:00,936653.784
 07/19  20:55:00,925214.1612
 07/19  21:00:00,913995.9624
 07/19  21:05:00,306249.4579
 07/19  21:10:00,275247.5673
 07/19  21:15:00,275247.5673
 07/19  21:20:00,275247.5673
 07/19  21:25:00,275247.5673
 07/19  21:30:00,275247.5673
 07/19  21:35:00,275247.5673
 07/19  21:40:00,275247.5673
 07/19  21:45:00,275247.5673
 07/19  21:50:00,275247.5673
 07/19  21:55:00,275247.5673
 07/19  22:00:00,275247.5673
 07/19  22:05:00,177395.4889
 07/19  22:10:00,177395.4889
 07/19  22:15:00,177395.4889
 07/19  22:20:00,177395.4889
 07/19  22:25:00,177395.4889
 07/19  22:30:00,177395.4889
 07/19  22:35:00,177395.4889
 07/19  22:40:00,177395.4889
 07/19  22:45:00,177395.4889
 07/19  22:50:00,177395.4889
 07/19  22:55:00,177395.4889
 07/19  23:00:00,177395.4889
 07/19  23:05:00,128210.701
 07/19  23:10:00,128210.701
 07/19  23:15:00,128210.701
 07/19  23:20:00,128210.701
 07/19  23:25:00,128210.701
 07/19  23:30:00,128210.701
 07/19  23:35:00,128210.701
 07/19  23:40:00,128210.701
 07/19  23:45:00,128210.701
 07/19  23:50:00,128210.701
 07/19  23:55:00,128210.701
 07/19  24:00:00,128210.701
